{"type": "metrics", "dataset": "train", "precision": 0.7046979865771812, "balanced_accuracy": 0.6658423027414893, "recall": 0.37777777777777777, "f1_score": 0.4918710388536787}
{"type": "metrics", "dataset": "test", "precision": 0.672493100275989, "balanced_accuracy": 0.6665967294452442, "recall": 0.38352570828961174, "f1_score": 0.4884731039091213}
{"type": "cm_matrix", "dataset": "train", "true_0": {"predicted_0": 15480, "predicted_1": 748}, "true_1": {"predicted_0": 2940, "predicted_1": 1785}}
{"type": "cm_matrix", "dataset": "test", "true_0": {"predicted_0": 6717, "predicted_1": 356}, "true_1": {"predicted_0": 1175, "predicted_1": 731}}
